###
3/01,	#code,	auto
3/01a,	3/02,	feel_surroundings
3/01a,	3/3a,	sit_in_despair
3/01a,	3/3b,	do_not_give_up
3/01a,	3/04,	climb_out
3/01a,	3/13,	dig
3/01b,	#&(01a),	auto
3/01c,	#&(01a),	auto
3/02,	#&(01a),	auto
3/03a,	4/99,	delay_1000
3/03b,	#code,	auto
3/03b1,	#&(01a),	auto
3/03b2,	#&(01a),	auto
3/03b3,	#&(01a),	auto
3/04,	#code,	auto
3/04a,	#Darkness_Return,	auto
3/04b,	#&(04a),	auto
3/13,	#&(01a),	auto
3/13,	3/14,	pry_rock
3/14,	#&(01a),	auto
3/14,	3/15,	reply
3/15,	4/99,	delay_1000
###
